<?xml version="1.0"?>
<!DOCTYPE liferay-portlet-app PUBLIC "-//Liferay//DTD Portlet Application 6.1.0//EN" "http://www.liferay.com/dtd/liferay-portlet-app_6_1_0.dtd">

<liferay-portlet-app>
	<portlet>
		<portlet-name>themeray-slider</portlet-name>
		<icon>/icon.png</icon>
		<configuration-action-class>com.innotall.themeray.portlet.slider.action.ConfigurationActionImpl</configuration-action-class>
		<preferences-company-wide>false</preferences-company-wide>
		<preferences-owned-by-group>true</preferences-owned-by-group>
		<instanceable>true</instanceable>
		<private-request-attributes>false</private-request-attributes>
		<private-session-attributes>false</private-session-attributes>
		<header-portlet-css>/css/main.css</header-portlet-css>
		<header-portlet-javascript>/js/jquery.min.js</header-portlet-javascript>
		<header-portlet-javascript>/js/jquery.flexslider-min.js</header-portlet-javascript>
		<footer-portlet-javascript>/js/main.js</footer-portlet-javascript>
		<css-class-wrapper>themeray-slider-portlet</css-class-wrapper>
	</portlet>
	<role-mapper>
		<role-name>administrator</role-name>
		<role-link>Administrator</role-link>
	</role-mapper>
	<role-mapper>
		<role-name>guest</role-name>
		<role-link>Guest</role-link>
	</role-mapper>
	<role-mapper>
		<role-name>power-user</role-name>
		<role-link>Power User</role-link>
	</role-mapper>
	<role-mapper>
		<role-name>user</role-name>
		<role-link>User</role-link>
	</role-mapper>
</liferay-portlet-app>